UniBet,today 22:30,Abraham,Mateus,1.33,2.45,tennis
UniBet,tomorrow 3:00,Abelito,Borser,2.2,1.5,tennis
UniBet,tomorrow 3:30,Absalón,Baltazar,2.83,1.67,tennis
UniBet,tomorrow 13:00,Jamón,Bork,1.2,6.8,tennis
UniBet,today 14:30,Javier,Georg,3.3,1.42,tennis
UniBet,today 15:00,Gregorio,Jesus,2.77,1.47,tennis
UniBet,today 16:30,Armando,Alfonso,1.55,2.81,tennis
UniBet,tomorrow 14:00,Adriano,Carlos,2.43,1.33,tennis
UniBet,tomorrow 13:00,Casimiro,Claudio,2.45,1.4,tennis
UniBet,today 23:00,Bernando,Benito,3.02,1.25,tennis
UniBet,today 13:00,Li,Cheng,2.4,1.5,pingpong
UniBet,today 15:00,Lu,Buddy,2.2,1.7,pingpong
UniBet,tomorrow 5:00,Yuan,Lilla,3.5,1.3,pingpong
UniBet,tomorrow 2:00,Tomie,Song,3.1,1.6,pingpong
UniBet,today 11:00,Fang,Steffen,2.56,1.49,pingpong
UniBet,tomorrow 18:00,Xiani,Hasegawa,2.98,1.43,pingpong
UniBet,today 13:00,Huyon,Jiang,1.43,2.78,pingpong
UniBet,today 13:00,Kim,Chak,1.34,3.54,pingpong
UniBet,tomorrow 7:00,Xiaoxia,Gouilang,2.12,1.97,pingpong
UniBet,today 13:00,Laci,Roland,2.32,1.53,pingpong
MegaBet,tomorrow 21:00,Béla,Józsi,2.86,1.41,esport
MegaBet,today 23:00,Dani,Janó,3.3,1.26,esport
MegaBet,tomorrow 19:00,Róland,Mikes,1.56,2.67,esport
MegaBet,tomorrow 10:00,Tomie,Máté,1.4,3.1,esport
MegaBet,today 11:00,Barna,Ákos,2.56,1.58,esport
MegaBet,tomorrow 13:00,Balázs,Zoli,3.43,1.25,esport
MegaBet,today 12:00,Benec,Bekor,1.76,2.89,esport
MegaBet,today 20:00,Ádám,Márk,1.56,2.98,esport
MegaBet,tomorrow 7:00,Gábor,János,2.45,1.87,esport
MegaBet,today 9:00,Ferenc,Lajos,2.34,1.67,esport